timeStamp,elapsed,label,responseCode,responseMessage,threadName,dataType,success,failureMessage,bytes,sentBytes,grpThreads,allThreads,URL,Latency,IdleTime,Connect
1597188450226,124,HomePage,200,OK,Thread Group 1-9,text,true,,15067,116,12,12,http://127.0.0.1:4000/,116,0,74
1597188450226,139,HomePage,200,OK,Thread Group 1-4,text,true,,15067,116,12,12,http://127.0.0.1:4000/,139,0,74
1597188450226,168,HomePage,200,OK,Thread Group 1-7,text,true,,15067,116,13,13,http://127.0.0.1:4000/,168,0,74
1597188450229,167,HomePage,200,OK,Thread Group 1-10,text,true,,15067,116,13,13,http://127.0.0.1:4000/,167,0,71
1597188450270,146,HomePage,200,OK,Thread Group 1-11,text,true,,15067,116,13,13,http://127.0.0.1:4000/,146,0,30
1597188450226,190,HomePage,200,OK,Thread Group 1-8,text,true,,15067,116,13,13,http://127.0.0.1:4000/,190,0,74
1597188450226,204,HomePage,200,OK,Thread Group 1-3,text,true,,15067,116,14,14,http://127.0.0.1:4000/,204,0,74
1597188450226,216,HomePage,200,OK,Thread Group 1-5,text,true,,15067,116,14,14,http://127.0.0.1:4000/,215,0,75
1597188450226,224,HomePage,200,OK,Thread Group 1-1,text,true,,15067,116,14,14,http://127.0.0.1:4000/,223,0,75
1597188450227,236,HomePage,200,OK,Thread Group 1-6,text,true,,15067,116,15,15,http://127.0.0.1:4000/,235,0,74
1597188450227,250,HomePage,200,OK,Thread Group 1-2,text,true,,15067,116,15,15,http://127.0.0.1:4000/,249,0,75
1597188450317,211,HomePage,200,OK,Thread Group 1-12,text,true,,15067,116,16,16,http://127.0.0.1:4000/,211,0,2
1597188450358,190,HomePage,200,OK,Thread Group 1-9,text,true,,15067,116,16,16,http://127.0.0.1:4000/,190,0,1
1597188450367,191,HomePage,200,OK,Thread Group 1-4,text,true,,15067,116,15,15,http://127.0.0.1:4000/,191,0,1
1597188450379,188,HomePage,200,OK,Thread Group 1-13,text,true,,15067,116,14,14,http://127.0.0.1:4000/,188,0,2
1597188450395,177,HomePage,200,OK,Thread Group 1-7,text,true,,15067,116,14,14,http://127.0.0.1:4000/,177,0,2
1597188450397,178,HomePage,200,OK,Thread Group 1-10,text,true,,15067,116,13,13,http://127.0.0.1:4000/,178,0,1
1597188450417,167,HomePage,200,OK,Thread Group 1-11,text,true,,15067,116,12,12,http://127.0.0.1:4000/,167,0,1
1597188450417,187,HomePage,200,OK,Thread Group 1-8,text,true,,15067,116,11,11,http://127.0.0.1:4000/,187,0,1
1597188450429,199,HomePage,200,OK,Thread Group 1-14,text,true,,15067,116,11,11,http://127.0.0.1:4000/,198,0,3
1597188450431,204,HomePage,200,OK,Thread Group 1-3,text,true,,15067,116,11,11,http://127.0.0.1:4000/,204,0,1
1597188450442,257,HomePage,200,OK,Thread Group 1-5,text,true,,15067,116,12,12,http://127.0.0.1:4000/,256,0,2
1597188450451,260,HomePage,200,OK,Thread Group 1-1,text,true,,15067,116,11,11,http://127.0.0.1:4000/,259,0,1
1597188450463,271,HomePage,200,OK,Thread Group 1-6,text,true,,15067,116,10,10,http://127.0.0.1:4000/,270,0,2
1597188450471,266,HomePage,200,OK,Thread Group 1-15,text,true,,15067,116,9,9,http://127.0.0.1:4000/,266,0,3
1597188450478,278,HomePage,200,OK,Thread Group 1-2,text,true,,15067,116,9,9,http://127.0.0.1:4000/,278,0,1
1597188450512,261,HomePage,200,OK,Thread Group 1-16,text,true,,15067,116,9,9,http://127.0.0.1:4000/,260,0,5
1597188450568,233,HomePage,200,OK,Thread Group 1-13,text,true,,15067,116,9,9,http://127.0.0.1:4000/,232,0,4
1597188450529,275,HomePage,200,OK,Thread Group 1-12,text,true,,15067,116,8,8,http://127.0.0.1:4000/,275,0,2
1597188450612,205,HomePage,200,OK,Thread Group 1-18,text,true,,15067,116,7,7,http://127.0.0.1:4000/,204,0,3
1597188450628,202,HomePage,200,OK,Thread Group 1-14,text,true,,15067,116,7,7,http://127.0.0.1:4000/,201,0,2
1597188450650,192,HomePage,200,OK,Thread Group 1-17,text,true,,15067,116,6,6,http://127.0.0.1:4000/,191,0,5
1597188450659,186,HomePage,200,OK,Thread Group 1-19,text,true,,15067,116,6,6,http://127.0.0.1:4000/,186,0,1
1597188450738,126,HomePage,200,OK,Thread Group 1-15,text,true,,15067,116,7,7,http://127.0.0.1:4000/,125,0,2
1597188450773,101,HomePage,200,OK,Thread Group 1-16,text,true,,15067,116,6,6,http://127.0.0.1:4000/,101,0,2
1597188450818,66,HomePage,200,OK,Thread Group 1-18,text,true,,15067,116,6,6,http://127.0.0.1:4000/,66,0,1
1597188450775,112,HomePage,200,OK,Thread Group 1-20,text,true,,15067,116,5,5,http://127.0.0.1:4000/,112,0,1
1597188450843,59,HomePage,200,OK,Thread Group 1-17,text,true,,15067,116,5,5,http://127.0.0.1:4000/,58,0,2
1597188450846,66,HomePage,200,OK,Thread Group 1-19,text,true,,15067,116,4,4,http://127.0.0.1:4000/,65,0,1
1597188450862,71,HomePage,200,OK,Thread Group 1-22,text,true,,15067,116,4,4,http://127.0.0.1:4000/,71,0,3
1597188450888,49,HomePage,200,OK,Thread Group 1-20,text,true,,15067,116,4,4,http://127.0.0.1:4000/,49,0,1
1597188450880,63,HomePage,200,OK,Thread Group 1-21,text,true,,15067,116,3,3,http://127.0.0.1:4000/,62,0,12
1597188450917,38,HomePage,200,OK,Thread Group 1-23,text,true,,15067,116,3,3,http://127.0.0.1:4000/,37,0,2
1597188450934,30,HomePage,200,OK,Thread Group 1-22,text,true,,15067,116,3,3,http://127.0.0.1:4000/,29,0,3
1597188450943,35,HomePage,200,OK,Thread Group 1-21,text,true,,15067,116,2,2,http://127.0.0.1:4000/,35,0,2
1597188450956,28,HomePage,200,OK,Thread Group 1-23,text,true,,15067,116,1,1,http://127.0.0.1:4000/,28,0,1
1597188450991,11,HomePage,200,OK,Thread Group 1-24,text,true,,15067,116,1,1,http://127.0.0.1:4000/,11,0,2
1597188451003,13,HomePage,200,OK,Thread Group 1-24,text,true,,15067,116,1,1,http://127.0.0.1:4000/,13,0,1
1597188451056,17,HomePage,200,OK,Thread Group 1-25,text,true,,15067,116,2,2,http://127.0.0.1:4000/,17,0,1
1597188451060,25,HomePage,200,OK,Thread Group 1-26,text,true,,15067,116,2,2,http://127.0.0.1:4000/,24,0,1
1597188451074,41,HomePage,200,OK,Thread Group 1-25,text,true,,15067,116,3,3,http://127.0.0.1:4000/,40,0,1
1597188451085,47,HomePage,200,OK,Thread Group 1-26,text,true,,15067,116,2,2,http://127.0.0.1:4000/,47,0,2
1597188451105,46,HomePage,200,OK,Thread Group 1-27,text,true,,15067,116,1,1,http://127.0.0.1:4000/,45,0,3
1597188451151,19,HomePage,200,OK,Thread Group 1-27,text,true,,15067,116,1,1,http://127.0.0.1:4000/,18,0,2
1597188451210,29,HomePage,200,OK,Thread Group 1-28,text,true,,15067,116,1,1,http://127.0.0.1:4000/,29,0,16
1597188451240,19,HomePage,200,OK,Thread Group 1-28,text,true,,15067,116,2,2,http://127.0.0.1:4000/,19,0,1
1597188451255,10,HomePage,200,OK,Thread Group 1-30,text,true,,15067,116,2,2,http://127.0.0.1:4000/,10,0,1
1597188451262,13,HomePage,200,OK,Thread Group 1-29,text,true,,15067,116,2,2,http://127.0.0.1:4000/,13,0,1
1597188451266,10,HomePage,200,OK,Thread Group 1-30,text,true,,15067,116,2,2,http://127.0.0.1:4000/,10,0,1
1597188451276,14,HomePage,200,OK,Thread Group 1-29,text,true,,15067,116,1,1,http://127.0.0.1:4000/,14,0,1
1597188451297,10,HomePage,200,OK,Thread Group 1-31,text,true,,15067,116,1,1,http://127.0.0.1:4000/,10,0,3
1597188451308,9,HomePage,200,OK,Thread Group 1-31,text,true,,15067,116,1,1,http://127.0.0.1:4000/,9,0,1
1597188451416,7,HomePage,200,OK,Thread Group 1-32,text,true,,15067,116,1,1,http://127.0.0.1:4000/,7,0,1
1597188451424,8,HomePage,200,OK,Thread Group 1-32,text,true,,15067,116,1,1,http://127.0.0.1:4000/,7,0,1
1597188451446,9,HomePage,200,OK,Thread Group 1-34,text,true,,15067,116,1,1,http://127.0.0.1:4000/,8,0,2
1597188451455,18,HomePage,200,OK,Thread Group 1-34,text,true,,15067,116,2,2,http://127.0.0.1:4000/,17,0,2
1597188451460,13,HomePage,200,OK,Thread Group 1-33,text,true,,15067,116,2,2,http://127.0.0.1:4000/,13,0,1
1597188451474,13,HomePage,200,OK,Thread Group 1-33,text,true,,15067,116,1,1,http://127.0.0.1:4000/,12,0,1
1597188451499,8,HomePage,200,OK,Thread Group 1-35,text,true,,15067,116,1,1,http://127.0.0.1:4000/,7,0,1
1597188451508,7,HomePage,200,OK,Thread Group 1-35,text,true,,15067,116,1,1,http://127.0.0.1:4000/,7,0,1
1597188451603,9,HomePage,200,OK,Thread Group 1-36,text,true,,15067,116,1,1,http://127.0.0.1:4000/,9,0,3
1597188451612,8,HomePage,200,OK,Thread Group 1-36,text,true,,15067,116,1,1,http://127.0.0.1:4000/,8,0,1
1597188451643,8,HomePage,200,OK,Thread Group 1-38,text,true,,15067,116,2,2,http://127.0.0.1:4000/,7,0,1
1597188451650,9,HomePage,200,OK,Thread Group 1-37,text,true,,15067,116,2,2,http://127.0.0.1:4000/,9,0,1
1597188451660,9,HomePage,200,OK,Thread Group 1-37,text,true,,15067,116,2,2,http://127.0.0.1:4000/,9,0,1
1597188451651,20,HomePage,200,OK,Thread Group 1-38,text,true,,15067,116,1,1,http://127.0.0.1:4000/,19,0,1
1597188451693,7,HomePage,200,OK,Thread Group 1-39,text,true,,15067,116,1,1,http://127.0.0.1:4000/,7,0,1
1597188451701,8,HomePage,200,OK,Thread Group 1-39,text,true,,15067,116,1,1,http://127.0.0.1:4000/,8,0,1
1597188451797,8,HomePage,200,OK,Thread Group 1-40,text,true,,15067,116,1,1,http://127.0.0.1:4000/,8,0,1
1597188451806,8,HomePage,200,OK,Thread Group 1-40,text,true,,15067,116,1,1,http://127.0.0.1:4000/,7,0,1
1597188451839,8,HomePage,200,OK,Thread Group 1-42,text,true,,15067,116,2,2,http://127.0.0.1:4000/,8,0,1
1597188451846,11,HomePage,200,OK,Thread Group 1-41,text,true,,15067,116,2,2,http://127.0.0.1:4000/,11,0,2
1597188451848,9,HomePage,200,OK,Thread Group 1-42,text,true,,15067,116,2,2,http://127.0.0.1:4000/,9,0,1
1597188451858,7,HomePage,200,OK,Thread Group 1-41,text,true,,15067,116,1,1,http://127.0.0.1:4000/,6,0,1
1597188451886,8,HomePage,200,OK,Thread Group 1-43,text,true,,15067,116,1,1,http://127.0.0.1:4000/,8,0,1
1597188451895,8,HomePage,200,OK,Thread Group 1-43,text,true,,15067,116,1,1,http://127.0.0.1:4000/,8,0,1
1597188451996,9,HomePage,200,OK,Thread Group 1-44,text,true,,15067,116,1,1,http://127.0.0.1:4000/,8,0,1
1597188452006,7,HomePage,200,OK,Thread Group 1-44,text,true,,15067,116,1,1,http://127.0.0.1:4000/,7,0,1
1597188452034,9,HomePage,200,OK,Thread Group 1-46,text,true,,15067,116,1,1,http://127.0.0.1:4000/,8,0,1
1597188452043,10,HomePage,200,OK,Thread Group 1-46,text,true,,15067,116,2,2,http://127.0.0.1:4000/,10,0,1
1597188452045,9,HomePage,200,OK,Thread Group 1-45,text,true,,15067,116,1,1,http://127.0.0.1:4000/,9,0,2
1597188452055,7,HomePage,200,OK,Thread Group 1-45,text,true,,15067,116,1,1,http://127.0.0.1:4000/,7,0,1
1597188452083,9,HomePage,200,OK,Thread Group 1-47,text,true,,15067,116,1,1,http://127.0.0.1:4000/,9,0,2
1597188452093,7,HomePage,200,OK,Thread Group 1-47,text,true,,15067,116,1,1,http://127.0.0.1:4000/,7,0,1
1597188452192,6,HomePage,200,OK,Thread Group 1-48,text,true,,15067,116,1,1,http://127.0.0.1:4000/,6,0,1
1597188452199,7,HomePage,200,OK,Thread Group 1-48,text,true,,15067,116,1,1,http://127.0.0.1:4000/,7,0,1
1597188452230,9,HomePage,200,OK,Thread Group 1-50,text,true,,15067,116,1,1,http://127.0.0.1:4000/,8,0,2
1597188452239,8,HomePage,200,OK,Thread Group 1-50,text,true,,15067,116,2,2,http://127.0.0.1:4000/,7,0,1
1597188452242,9,HomePage,200,OK,Thread Group 1-49,text,true,,15067,116,1,1,http://127.0.0.1:4000/,9,0,0
1597188452252,6,HomePage,200,OK,Thread Group 1-49,text,true,,15067,116,1,1,http://127.0.0.1:4000/,5,0,1
1597188452280,9,HomePage,200,OK,Thread Group 1-51,text,true,,15067,116,1,1,http://127.0.0.1:4000/,8,0,2
1597188452289,7,HomePage,200,OK,Thread Group 1-51,text,true,,15067,116,1,1,http://127.0.0.1:4000/,6,0,1
1597188452387,6,HomePage,200,OK,Thread Group 1-52,text,true,,15067,116,1,1,http://127.0.0.1:4000/,5,0,1
1597188452393,7,HomePage,200,OK,Thread Group 1-52,text,true,,15067,116,1,1,http://127.0.0.1:4000/,6,0,1
1597188452423,6,HomePage,200,OK,Thread Group 1-54,text,true,,15067,116,1,1,http://127.0.0.1:4000/,6,0,1
1597188452430,9,HomePage,200,OK,Thread Group 1-54,text,true,,15067,116,2,2,http://127.0.0.1:4000/,9,0,1
1597188452438,7,HomePage,200,OK,Thread Group 1-53,text,true,,15067,116,1,1,http://127.0.0.1:4000/,7,0,1
1597188452446,8,HomePage,200,OK,Thread Group 1-53,text,true,,15067,116,1,1,http://127.0.0.1:4000/,8,0,1
1597188452474,8,HomePage,200,OK,Thread Group 1-55,text,true,,15067,116,1,1,http://127.0.0.1:4000/,8,0,1
1597188452483,8,HomePage,200,OK,Thread Group 1-55,text,true,,15067,116,1,1,http://127.0.0.1:4000/,7,0,1
1597188452583,8,HomePage,200,OK,Thread Group 1-56,text,true,,15067,116,1,1,http://127.0.0.1:4000/,8,0,2
1597188452591,11,HomePage,200,OK,Thread Group 1-56,text,true,,15067,116,1,1,http://127.0.0.1:4000/,11,0,2
1597188452622,11,HomePage,200,OK,Thread Group 1-58,text,true,,15067,116,2,2,http://127.0.0.1:4000/,10,0,1
1597188452633,10,HomePage,200,OK,Thread Group 1-58,text,true,,15067,116,2,2,http://127.0.0.1:4000/,9,0,1
1597188452634,9,HomePage,200,OK,Thread Group 1-57,text,true,,15067,116,2,2,http://127.0.0.1:4000/,8,0,2
1597188452643,9,HomePage,200,OK,Thread Group 1-57,text,true,,15067,116,1,1,http://127.0.0.1:4000/,8,0,1
1597188452671,9,HomePage,200,OK,Thread Group 1-59,text,true,,15067,116,1,1,http://127.0.0.1:4000/,9,0,3
1597188452681,14,HomePage,200,OK,Thread Group 1-59,text,true,,15067,116,1,1,http://127.0.0.1:4000/,14,0,1
1597188452783,12,HomePage,200,OK,Thread Group 1-60,text,true,,15067,116,1,1,http://127.0.0.1:4000/,12,0,1
1597188452796,9,HomePage,200,OK,Thread Group 1-60,text,true,,15067,116,1,1,http://127.0.0.1:4000/,9,0,1
1597188452817,13,HomePage,200,OK,Thread Group 1-62,text,true,,15067,116,2,2,http://127.0.0.1:4000/,12,0,3
1597188452830,16,HomePage,200,OK,Thread Group 1-62,text,true,,15067,116,2,2,http://127.0.0.1:4000/,16,0,1
1597188452832,15,HomePage,200,OK,Thread Group 1-61,text,true,,15067,116,2,2,http://127.0.0.1:4000/,14,0,1
1597188452847,9,HomePage,200,OK,Thread Group 1-61,text,true,,15067,116,1,1,http://127.0.0.1:4000/,9,0,1
1597188452868,10,HomePage,200,OK,Thread Group 1-63,text,true,,15067,116,1,1,http://127.0.0.1:4000/,9,0,1
1597188452878,8,HomePage,200,OK,Thread Group 1-63,text,true,,15067,116,1,1,http://127.0.0.1:4000/,8,0,1
1597188452975,10,HomePage,200,OK,Thread Group 1-64,text,true,,15067,116,1,1,http://127.0.0.1:4000/,9,0,2
1597188452986,15,HomePage,200,OK,Thread Group 1-64,text,true,,15067,116,1,1,http://127.0.0.1:4000/,15,0,2
1597188453014,12,HomePage,200,OK,Thread Group 1-66,text,true,,15067,116,2,2,http://127.0.0.1:4000/,12,0,1
1597188453027,15,HomePage,200,OK,Thread Group 1-66,text,true,,15067,116,2,2,http://127.0.0.1:4000/,15,0,1
1597188453028,24,HomePage,200,OK,Thread Group 1-65,text,true,,15067,116,1,1,http://127.0.0.1:4000/,24,0,1
1597188453053,16,HomePage,200,OK,Thread Group 1-65,text,true,,15067,116,1,1,http://127.0.0.1:4000/,15,0,1
1597188453086,26,HomePage,200,OK,Thread Group 1-67,text,true,,15067,116,1,1,http://127.0.0.1:4000/,26,0,3
1597188453113,30,HomePage,200,OK,Thread Group 1-67,text,true,,15067,116,1,1,http://127.0.0.1:4000/,29,0,1
1597188453184,22,HomePage,200,OK,Thread Group 1-68,text,true,,15067,116,1,1,http://127.0.0.1:4000/,22,0,1
1597188453207,22,HomePage,200,OK,Thread Group 1-68,text,true,,15067,116,2,2,http://127.0.0.1:4000/,22,0,1
1597188453219,62,HomePage,200,OK,Thread Group 1-70,text,true,,15067,116,3,3,http://127.0.0.1:4000/,62,0,1
1597188453236,62,HomePage,200,OK,Thread Group 1-69,text,true,,15067,116,3,3,http://127.0.0.1:4000/,62,0,1
1597188453263,62,HomePage,200,OK,Thread Group 1-71,text,true,,15067,116,3,3,http://127.0.0.1:4000/,62,0,2
1597188453282,96,HomePage,200,OK,Thread Group 1-70,text,true,,15067,116,3,3,http://127.0.0.1:4000/,96,0,1
1597188453299,99,HomePage,200,OK,Thread Group 1-69,text,true,,15067,116,3,3,http://127.0.0.1:4000/,99,0,1
1597188453326,105,HomePage,200,OK,Thread Group 1-71,text,true,,15067,116,3,3,http://127.0.0.1:4000/,104,0,1
1597188453385,69,HomePage,200,OK,Thread Group 1-72,text,true,,15067,116,2,2,http://127.0.0.1:4000/,68,0,1
1597188453430,56,HomePage,200,OK,Thread Group 1-73,text,true,,15067,116,3,3,http://127.0.0.1:4000/,56,0,1
1597188453455,40,HomePage,200,OK,Thread Group 1-72,text,true,,15067,116,3,3,http://127.0.0.1:4000/,40,0,0
1597188453479,24,HomePage,200,OK,Thread Group 1-74,text,true,,15067,116,3,3,http://127.0.0.1:4000/,24,0,1
1597188453487,31,HomePage,200,OK,Thread Group 1-73,text,true,,15067,116,3,3,http://127.0.0.1:4000/,31,0,1
1597188453504,23,HomePage,200,OK,Thread Group 1-74,text,true,,15067,116,2,2,http://127.0.0.1:4000/,22,0,1
1597188453506,25,HomePage,200,OK,Thread Group 1-75,text,true,,15067,116,1,1,http://127.0.0.1:4000/,24,0,2
1597188453531,18,HomePage,200,OK,Thread Group 1-75,text,true,,15067,116,1,1,http://127.0.0.1:4000/,18,0,2
1597188453557,25,HomePage,200,OK,Thread Group 1-76,text,true,,15067,116,1,1,http://127.0.0.1:4000/,24,0,5
1597188453583,39,HomePage,200,OK,Thread Group 1-76,text,true,,15067,116,2,2,http://127.0.0.1:4000/,39,0,1
1597188453608,24,HomePage,200,OK,Thread Group 1-77,text,true,,15067,116,1,1,http://127.0.0.1:4000/,23,0,1
1597188453632,8,HomePage,200,OK,Thread Group 1-77,text,true,,15067,116,1,1,http://127.0.0.1:4000/,8,0,1
1597188453688,19,HomePage,200,OK,Thread Group 1-78,text,true,,15067,116,1,1,http://127.0.0.1:4000/,18,0,1
1597188453707,29,HomePage,200,OK,Thread Group 1-78,text,true,,15067,116,2,2,http://127.0.0.1:4000/,28,0,1
1597188453738,29,HomePage,200,OK,Thread Group 1-79,text,true,,15067,116,2,2,http://127.0.0.1:4000/,28,0,2
1597188453744,41,HomePage,200,OK,Thread Group 1-80,text,true,,15067,116,2,2,http://127.0.0.1:4000/,41,0,2
1597188453768,74,HomePage,200,OK,Thread Group 1-79,text,true,,15067,116,3,3,http://127.0.0.1:4000/,73,0,1
1597188453786,66,HomePage,200,OK,Thread Group 1-80,text,true,,15067,116,2,2,http://127.0.0.1:4000/,66,0,1
1597188453804,85,HomePage,200,OK,Thread Group 1-81,text,true,,15067,116,2,2,http://127.0.0.1:4000/,85,0,1
1597188453867,36,HomePage,200,OK,Thread Group 1-82,text,true,,15067,116,2,2,http://127.0.0.1:4000/,36,0,1
1597188453890,35,HomePage,200,OK,Thread Group 1-81,text,true,,15067,116,3,3,http://127.0.0.1:4000/,34,0,1
1597188453904,31,HomePage,200,OK,Thread Group 1-82,text,true,,15067,116,3,3,http://127.0.0.1:4000/,30,0,1
1597188453915,37,HomePage,200,OK,Thread Group 1-83,text,true,,15067,116,2,2,http://127.0.0.1:4000/,37,0,1
1597188453941,26,HomePage,200,OK,Thread Group 1-84,text,true,,15067,116,2,2,http://127.0.0.1:4000/,26,0,2
1597188453953,18,HomePage,200,OK,Thread Group 1-83,text,true,,15067,116,2,2,http://127.0.0.1:4000/,17,0,1
1597188453968,19,HomePage,200,OK,Thread Group 1-84,text,true,,15067,116,1,1,http://127.0.0.1:4000/,18,0,2
1597188453992,12,HomePage,200,OK,Thread Group 1-85,text,true,,15067,116,1,1,http://127.0.0.1:4000/,11,0,1
1597188454004,10,HomePage,200,OK,Thread Group 1-85,text,true,,15067,116,1,1,http://127.0.0.1:4000/,9,0,1
1597188454058,15,HomePage,200,OK,Thread Group 1-86,text,true,,15067,116,1,1,http://127.0.0.1:4000/,15,0,2
1597188454074,10,HomePage,200,OK,Thread Group 1-86,text,true,,15067,116,1,1,http://127.0.0.1:4000/,10,0,1
1597188454101,35,HomePage,200,OK,Thread Group 1-87,text,true,,15067,116,1,1,http://127.0.0.1:4000/,34,0,1
1597188454136,61,HomePage,200,OK,Thread Group 1-87,text,true,,15067,116,3,3,http://127.0.0.1:4000/,61,0,2
1597188454152,56,HomePage,200,OK,Thread Group 1-88,text,true,,15067,116,2,2,http://127.0.0.1:4000/,56,0,2
1597188454198,17,HomePage,200,OK,Thread Group 1-89,text,true,,15067,116,2,2,http://127.0.0.1:4000/,16,0,2
1597188454208,22,HomePage,200,OK,Thread Group 1-88,text,true,,15067,116,2,2,http://127.0.0.1:4000/,21,0,2
1597188454215,28,HomePage,200,OK,Thread Group 1-89,text,true,,15067,116,1,1,http://127.0.0.1:4000/,27,0,1
1597188454250,11,HomePage,200,OK,Thread Group 1-90,text,true,,15067,116,1,1,http://127.0.0.1:4000/,11,0,1
1597188454261,12,HomePage,200,OK,Thread Group 1-90,text,true,,15067,116,1,1,http://127.0.0.1:4000/,12,0,1
1597188454315,30,HomePage,200,OK,Thread Group 1-91,text,true,,15067,116,1,1,http://127.0.0.1:4000/,29,0,1
1597188454348,22,HomePage,200,OK,Thread Group 1-92,text,true,,15067,116,2,2,http://127.0.0.1:4000/,22,0,2
1597188454345,26,HomePage,200,OK,Thread Group 1-91,text,true,,15067,116,2,2,http://127.0.0.1:4000/,25,0,2
1597188454371,9,HomePage,200,OK,Thread Group 1-92,text,true,,15067,116,1,1,http://127.0.0.1:4000/,9,0,1
1597188454385,18,HomePage,200,OK,Thread Group 1-93,text,true,,15067,116,1,1,http://127.0.0.1:4000/,18,0,1
1597188454403,16,HomePage,200,OK,Thread Group 1-93,text,true,,15067,116,1,1,http://127.0.0.1:4000/,16,0,2
1597188454449,10,HomePage,200,OK,Thread Group 1-94,text,true,,15067,116,1,1,http://127.0.0.1:4000/,10,0,2
1597188454460,15,HomePage,200,OK,Thread Group 1-94,text,true,,15067,116,1,1,http://127.0.0.1:4000/,15,0,1
1597188454503,12,HomePage,200,OK,Thread Group 1-95,text,true,,15067,116,1,1,http://127.0.0.1:4000/,12,0,2
1597188454516,8,HomePage,200,OK,Thread Group 1-95,text,true,,15067,116,1,1,http://127.0.0.1:4000/,8,0,1
1597188454531,14,HomePage,200,OK,Thread Group 1-96,text,true,,15067,116,1,1,http://127.0.0.1:4000/,13,0,1
1597188454545,15,HomePage,200,OK,Thread Group 1-96,text,true,,15067,116,1,1,http://127.0.0.1:4000/,14,0,2
1597188454583,28,HomePage,200,OK,Thread Group 1-97,text,true,,15067,116,1,1,http://127.0.0.1:4000/,28,0,10
1597188454612,11,HomePage,200,OK,Thread Group 1-97,text,true,,15067,116,1,1,http://127.0.0.1:4000/,11,0,1
1597188454651,10,HomePage,200,OK,Thread Group 1-98,text,true,,15067,116,1,1,http://127.0.0.1:4000/,10,0,1
1597188454662,16,HomePage,200,OK,Thread Group 1-98,text,true,,15067,116,1,1,http://127.0.0.1:4000/,16,0,1
1597188454703,13,HomePage,200,OK,Thread Group 1-99,text,true,,15067,116,1,1,http://127.0.0.1:4000/,13,0,2
1597188454717,17,HomePage,200,OK,Thread Group 1-99,text,true,,15067,116,2,2,http://127.0.0.1:4000/,17,0,1
1597188454728,19,HomePage,200,OK,Thread Group 1-100,text,true,,15067,116,1,1,http://127.0.0.1:4000/,18,0,2
1597188454747,8,HomePage,200,OK,Thread Group 1-100,text,true,,15067,116,1,1,http://127.0.0.1:4000/,7,0,1
